Dm1,Dm2,Dm1m2,DDe,list of mutations,HD,distance from max/min D single mutation
-3.9247650623728987,-6.109264573067776,-6.175811978828278,3.8582176566123962,None,0,0
-4.444349177618278,-3.6965875254099956,-4.2827190464158775,3.8582176566123962,"['D16A', 'B89C', 'A100B', 'B110C', 'C123D', 'D124B', 'C164A', 'B200A', 'D229A', 'B255A']",10,0.16163013120240066
-5.662163451168453,-3.7551926728192484,-5.5591384673753055,3.8582176566123962,"['A13B', 'C139D', 'D147B', 'A187B', 'B200A', 'C218D', 'C219B', 'B255A']",8,0.10302498379314784
-4.632896897703176,-3.858215242609731,-4.632894483700511,3.8582176566123962,"['A12B', 'A13B', 'C123D', 'C139D', 'D147B', 'A153C', 'B200A', 'D210C', 'B255A']",9,2.4140026653185487e-06
