Dm1,Dm2,Dm1m2,DDe,list of mutations,HD,distance from max/min D single mutation
-8.86157064253348,-2.9555190749742906,-8.056554745555331,3.7605349719524384,None,0,0
-3.1478600969712716,-4.14637850078725,-3.5337036258060834,3.7605349719524384,"['C6A', 'A100B', 'C123D', 'B134C', 'C139D', 'D147B', 'A180B', 'B200A', 'B205A', 'C218A', 'A221C']",11,0.6126748749811668
-3.590183217282174,-5.08595264323958,-4.915600888569315,3.7605349719524384,"['A100B', 'B105A', 'C112D', 'C123B', 'D124A', 'C139D', 'D147B', 'A166B', 'C233D']",9,0.1703517546702642
