Dm1,Dm2,Dm1m2,DDe,list of mutations,HD,distance from max/min D single mutation
-6.7663837729996885,-6.707564120879397,-9.529667984745174,3.944279909133911,None,0,0
-3.699657848388597,-5.986267461674288,-5.741645400928974,3.944279909133911,"['A13B', 'B33A', 'D38A', 'A71B', 'A100B', 'D111A', 'B200A']",7,0.24462206074531423
-3.812476511397108,-4.676993190078065,-4.545189792341262,3.944279909133911,"['B19A', 'D38A', 'D65A', 'A100B', 'D118B', 'B200A', 'B204A', 'C231D']",8,0.13180339773680316
-3.8924848600800033,-4.5629415574949235,-4.511146508441016,3.944279909133911,"['D38A', 'C98B', 'B200A']",3,0.05179504905390786
