Dm1,Dm2,Dm1m2,DDe,list of mutations,HD,distance from max/min D single mutation
-6.7663837729996885,-6.707564120879397,-9.529667984745174,3.944279909133911,None,0,0
