Dm1,Dm2,Dm1m2,DDe,list of mutations,HD,distance from max/min D single mutation
-6.7663837729996885,-6.707564120879397,-9.529667984745174,3.944279909133911,None,0,0
-9.44206721457158,-1.7226839230861515,-7.22047122852382,3.944279909133911,"['C9B', 'C30A', 'C49A', 'B78A', 'A100B', 'B110C', 'D118B', 'C123B', 'D124A', 'B134C', 'C139A', 'D147C', 'A202B', 'C207A']",14,2.2215959860477597
-5.125913979769393,-3.114403378101997,-4.296037448737479,3.944279909133911,"['D38A', 'C58A', 'C123D', 'D124A', 'D125A', 'A153B', 'B200A']",7,0.829876531031914
-5.125913979769393,-3.114403378101997,-4.296037448737479,3.944279909133911,"['D38A', 'C58A', 'C123D', 'D124A', 'D125A', 'A153B', 'B200A']",7,0.829876531031914
-5.125913979769393,-3.114403378101997,-4.296037448737479,3.944279909133911,"['D38A', 'C58A', 'C123D', 'D124A', 'D125A', 'A153B', 'B200A']",7,0.829876531031914
-5.646816488348122,-3.143302733777091,-4.845839312991302,3.944279909133911,"['D38A', 'A73D', 'A96B', 'A100B', 'D118B', 'C123A', 'D124A', 'B134C', 'D142A', 'A180B', 'B200A', 'C231D']",12,0.8009771753568202
-8.653958135102584,-3.16288514691405,-7.872563372882723,3.944279909133911,"['A10B', 'B24A', 'D94C', 'A100B', 'B105A', 'D118B', 'B134C', 'D142A', 'B156A', 'D159B', 'A192C', 'A202B', 'C207A', 'D229C', 'B255A']",15,0.7813947622198611
-5.291933272317692,-3.265986862592399,-4.61364022577618,3.944279909133911,"['A10B', 'A31B', 'D38A', 'A73C', 'B200A', 'A202B', 'C207A', 'C214B']",8,0.678293046541512
-6.986708362404897,-3.3817123516928405,-6.424140804963827,3.944279909133911,"['B15C', 'D21A', 'A96B', 'A100B', 'D118B', 'D137B', 'D142B', 'C155A', 'C207A']",9,0.5625675574410707
-7.0167976848824765,-3.3947389812674373,-6.467256757016003,3.944279909133911,"['A96B', 'A100B', 'D118B', 'D137B', 'D142B', 'C155A', 'C207A']",7,0.5495409278664738
-3.699657848388597,-5.986267461674288,-5.741645400928974,3.944279909133911,"['A13B', 'B33A', 'D38A', 'A71B', 'A100B', 'D111A', 'B200A']",7,0.24462206074531423
-3.812476511397108,-4.676993190078065,-4.545189792341262,3.944279909133911,"['B19A', 'D38A', 'D65A', 'A100B', 'D118B', 'B200A', 'B204A', 'C231D']",8,0.13180339773680316
-3.8924848600800033,-4.5629415574949235,-4.511146508441016,3.944279909133911,"['D38A', 'C98B', 'B200A']",3,0.05179504905390786
