Dm1,Dm2,Dm1m2,DDe,list of mutations,HD,distance from max/min D single mutation
-2.25606701381912,-4.7913161514443345,-3.5905862807267113,3.456796884536743,None,0,0
-1.3500534468184924,-2.0902184800361283,0.016524957682122476,3.456796884536743,"['B19A', 'D38A', 'A154C', 'A202B', 'B205A', 'C231A']",6,1.3665784045006149
-2.1293030241358792,-1.5998213084531017,-0.27232744805223774,3.456796884536743,"['B19A', 'C30A', 'B44A', 'A100B', 'B134C', 'A150B', 'A154C', 'B156A', 'D159B', 'B200A', 'C214B']",11,1.327493860400864
-0.8523068562935805,-2.6528075875830837,-0.04831755933992099,3.456796884536743,"['B19A', 'A71D', 'A100B', 'C112A', 'C123D', 'D124B', 'B203A', 'B205A']",8,0.8039892969536595
-2.6636857138801133,-1.938616929401178,-1.145505758744548,3.456796884536743,"['B19A', 'C30A', 'B44A', 'A100B', 'B134C', 'B156A', 'D159B', 'B200A', 'C214B']",9,0.7931111706566298
-2.4983895654440857,-2.6640645766747184,-1.705657257582061,3.456796884536743,"['B19A', 'C30A', 'B44A', 'B48C', 'A96B', 'A100B', 'D118B', 'B134C', 'D137A', 'B146A', 'A150B', 'A154C', 'B156A', 'D159B', 'B200A', 'C214B', 'C233A']",17,0.7927323078620248
-2.6900880597386276,-1.790052829135675,-1.0233440043375595,3.456796884536743,"['B19A', 'C30A', 'B44A', 'A100B', 'A154C', 'B156A', 'D159B', 'B200A', 'C214B']",9,0.7667088247981155
-2.843295051701716,-2.819021344941575,-2.205519512106548,3.456796884536743,"['D38A', 'C49A', 'D124A', 'D125C', 'A150B', 'A154C', 'B156A', 'D159B', 'A192C', 'A202B', 'C231D']",11,0.613501832835027
-3.1154853766638553,-2.3940006376360543,-2.0526891297631664,3.456796884536743,"['B19A', 'A100B', 'C123A', 'A150B', 'A154C', 'B156A', 'D159B', 'A192C', 'B200A', 'C231D']",10,0.3413115078728879
-0.5170257021527505,-3.1620955572579987,-0.22232437487400603,3.456796884536743,"['B19A', 'D38A', 'A100B', 'D118C', 'C139D', 'D147B', 'B200A', 'A202B']",8,0.29470132727874443
-3.359345513381413,-3.330043285910506,-3.232591914755176,3.456796884536743,"['B44D', 'A100B', 'C139D', 'D147B', 'B156A', 'D159B', 'C214B', 'C231D', 'B255A']",9,0.09745137115532998
