Dm1,Dm2,Dm1m2,DDe,list of mutations,HD,distance from max/min D single mutation
-5.432726216909941,-7.080335482023656,-8.772230457921978,3.7408312410116196,None,0,0
-2.0052873915992677,-3.0441183922812343,-1.3085745428688824,3.7408312410116196,"['D16A', 'C67B', 'A73B', 'A100B', 'C123A', 'A150B', 'A154C', 'A162C', 'B200A', 'D217C', 'C219B', 'B226A', 'D252B', 'B255A']",14,0.6967128487303853
-2.2861718283966184,-3.2821976942941546,-1.8275382816791534,3.7408312410116196,"['B105A', 'C123A', 'A150B', 'A154C', 'A192D', 'B200A', 'B205A', 'C231D', 'D252A']",9,0.4586335467174649
-2.209018769674003,-3.5921456958167255,-2.060333224479109,3.7408312410116196,"['D38A', 'C49A', 'C112D', 'C123A', 'A154C', 'B200A', 'D228A', 'D252A', 'B253A']",9,0.14868554519489408
-3.706229822244495,-2.7833188762888312,-2.748717457521707,3.7408312410116196,"['D16A', 'B24A', 'C49A', 'A100B', 'C123A', 'C220D', 'A221C', 'D252A']",8,0.034601418767124414
