Dm1,Dm2,Dm1m2,DDe,list of mutations,HD,distance from max/min D single mutation
-5.099003978077235,-9.89845962934487,-11.736890339485399,3.2605732679367065,None,0,0
