Dm1,Dm2,Dm1m2,DDe,list of mutations,HD,distance from max/min D single mutation
-4.5914782947074855,-5.388496533734724,-6.248112343033426,3.731862485408783,None,0,0
-3.2307390561472857,-2.0445740937720984,-1.5434506645106012,3.731862485408783,"['B110D', 'D111B', 'C123A', 'A150B', 'A154C', 'A162D', 'B200A']",7,0.5011234292614972
-3.6594065544340992,-3.0723686430137604,-2.9999127120390767,3.731862485408783,"['C6D', 'D16A', 'C123D', 'C219A', 'B226A']",5,0.07245593097468372
