Dm1,Dm2,Dm1m2,DDe,list of mutations,HD,distance from max/min D single mutation
-8.86157064253348,-2.9555190749742906,-8.056554745555331,3.7605349719524384,None,0,0
-3.4687598973687273,-1.6647032293767552,-1.372928154793044,3.7605349719524384,"['B5C', 'A10B', 'D16A', 'C30A', 'B62A', 'A73C', 'A95B', 'A100B', 'D111C', 'C123D', 'D124A', 'A133B', 'D135A', 'B156A', 'D159C', 'B200A', 'B205A', 'D210C', 'C233D']",19,0.2917750745837111
-3.4687598973687273,-1.6647032293767552,-1.372928154793044,3.7605349719524384,"['B5C', 'A10B', 'D16A', 'C30A', 'B62A', 'A73C', 'A95B', 'A100B', 'D111C', 'C123D', 'D124A', 'A133B', 'D135A', 'B156A', 'D159C', 'B200A', 'B205A', 'D210C', 'C233D']",19,0.2917750745837111
-3.562498587387381,-2.1278367121049087,-1.9298003275398514,3.7605349719524384,"['A10B', 'A13B', 'B19A', 'C112D', 'C123D', 'D124A', 'C139D', 'D147B', 'A192C', 'B205A']",10,0.19803638456505723
-3.6481009081180673,-2.900912462202541,-2.78847839836817,3.7605349719524384,"['A100B', 'C139D', 'D147B', 'A192C', 'B205A']",5,0.11243406383437105
-3.680868697556434,-1.7618255619236152,-1.682159287527611,3.7605349719524384,"['B19A', 'C30A', 'B83C', 'A100B', 'D111A', 'C123D', 'C139D', 'D147B']",8,0.07966627439600416
