Dm1,Dm2,Dm1m2,DDe,list of mutations,HD,distance from max/min D single mutation
-7.603639232867863,-5.840391070890291,-10.086932380002509,3.3570979237556458,None,0,0
