Dm1,Dm2,Dm1m2,DDe,list of mutations,HD,distance from max/min D single mutation
-5.72867153421248,-4.55350726508186,-1.77338735260855,8.50879144668579,None,0,0
-3.51020838435943,-3.23536921749474,1.76321384483163,8.50879144668579,"['A13B', 'C30A', 'C112D', 'C123A', 'D124A', 'A192C', 'B200A', 'B204A', 'B205A', 'D217C', 'B230A', 'B253D']",12,4.99858306232636
-3.61910648864432,-3.93276382275508,0.956921135286393,8.50879144668579,"['A10B', 'A27B', 'A36B', 'D38A', 'C49A', 'A71D', 'D111A', 'C123A', 'D124A', 'A166B', 'B200A', 'D252A']",12,4.57602762393071
-4.03417986327986,-2.90174757261411,1.57286401079182,8.50879144668579,"['B5D', 'C6A', 'C9B', 'B19A', 'A71D', 'D118C', 'C121D', 'D124A', 'A202B', 'B205A']",10,4.47461158340593
-4.15914997667278,-3.71519327806891,0.634448191944102,8.50879144668579,"['B22D', 'C30A', 'A71D', 'B200A', 'D210B']",5,4.34964147001301
-4.19804499879683,-3.92217609929503,0.38857034859393,8.50879144668579,"['A10B', 'A100B', 'B110C', 'D111B', 'D118B', 'D124A', 'D125B', 'B149A', 'B200A']",9,4.31074644788896
