Dm1,Dm2,Dm1m2,DDe,list of mutations,HD,distance from max/min D single mutation
-2.25606701381912,-4.7913161514443345,-3.5905862807267113,3.456796884536743,None,0,0
-4.087527113952092,-2.9023415202391334,-3.533071749654482,3.456796884536743,"['B44A', 'A100B', 'B156A', 'D159B', 'C214B']",5,0.5544553642976098
-3.5077388426143443,-2.9918734448147006,-3.042815402892302,3.456796884536743,"['A92B', 'A100B', 'A154C', 'A166B', 'D229A', 'C231D']",6,0.46492343972204253
-4.793508761082194,-3.062546720553655,-4.399258597099106,3.456796884536743,"['C49A', 'A100B', 'A175B', 'B204A', 'B205A', 'D217C', 'B226A', 'D254C', 'B255A']",9,0.394250163983088
-6.987638789214543,-3.066987122700084,-6.597829027377884,3.456796884536743,"['D16A', 'A71D', 'A100B', 'C123D', 'A154C', 'B156A', 'D159B', 'A202B', 'D210C', 'D217B', 'C218B', 'A221C', 'C231D']",13,0.38980976183665916
