Dm1,Dm2,Dm1m2,DDe,list of mutations,HD,distance from max/min D single mutation
-6.729832917011663,-8.064713142928667,-11.103513054225914,3.6910330057144165,None,0,0
-4.40508055596365,-2.9548982438864186,-3.6689457941356522,3.6910330057144165,"['A10B', 'C30A', 'B37A', 'B44C', 'A71D', 'B83D', 'C123D', 'A162C', 'A192C', 'B200A']",10,0.7361347618279979
-5.153600007615751,-3.1160119372652844,-4.5785789391666185,3.6910330057144165,"['D16A', 'C30A', 'C49A', 'A100B', 'C123D', 'D137C', 'A150B', 'A154C', 'A162C', 'B200A']",10,0.5750210684491321
-5.5076709166423825,-3.4618078510975465,-5.2784457620255125,3.6910330057144165,"['B5C', 'C9B', 'C30A', 'A91C', 'A96B', 'A100B', 'D118A', 'C121B', 'C123D', 'A162C']",10,0.22922515461686999
-6.571463100550318,-3.5847570543410257,-6.465187149176927,3.6910330057144165,"['C30A', 'B44A', 'B48C', 'A96B', 'A100B', 'D142C', 'A162C', 'B200A', 'C214B']",9,0.10627595137339085
-6.571463100550318,-3.5847570543410257,-6.465187149176927,3.6910330057144165,"['C30A', 'B44A', 'B48C', 'A96B', 'A100B', 'D142C', 'A162C', 'B200A', 'C214B']",9,0.10627595137339085
-6.336021033606812,-3.6437987842364237,-6.288786812128819,3.6910330057144165,"['A13B', 'C30A', 'B79A', 'A100B', 'C123D', 'C139B', 'A187B', 'B200A']",8,0.04723422147799283
