Dm1,Dm2,Dm1m2,DDe,list of mutations,HD,distance from max/min D single mutation
-6.729832917011663,-8.064713142928667,-11.103513054225914,3.6910330057144165,None,0,0
