Dm1,Dm2,Dm1m2,DDe,list of mutations,HD,distance from max/min D single mutation
-7.603639232867863,-5.840391070890291,-10.086932380002509,3.3570979237556458,None,0,0
-2.6634748041979037,-4.826936569838836,-4.1333134502810935,3.3570979237556458,"['C9B', 'C30A', 'B48C', 'A71D', 'D111A', 'C123A', 'D137A', 'C139D', 'D147B', 'C155A', 'C164A']",11,0.693623119557742
-8.090223259001505,-2.6667514362561633,-7.399876771502022,3.3570979237556458,"['A100B', 'C123A', 'A154C', 'B172A', 'A192C']",5,0.6903464874994825
-8.749047326098662,-2.672300924845331,-8.064250327188347,3.3570979237556458,"['A100B', 'C139D', 'D147B', 'A192C', 'B205A']",5,0.6847969989103149
-4.830233211570885,-3.0898490674981076,-4.562984355313347,3.3570979237556458,"['C123A', 'D137B', 'C139D', 'D147B', 'A153C', 'A192C', 'B200A', 'C207A']",8,0.26724885625753814
-6.3222683647763915,-3.1671884537963706,-6.132358894817116,3.3570979237556458,"['B105A', 'C123A', 'A150B', 'A154C', 'A192D', 'B200A', 'B205A', 'C231D', 'D252A']",9,0.18990946995927516
