Dm1,Dm2,Dm1m2,DDe,list of mutations,HD,distance from max/min D single mutation
-7.603639232867863,-5.840391070890291,-10.086932380002509,3.3570979237556458,None,0,0
-2.6634748041979037,-4.826936569838836,-4.1333134502810935,3.3570979237556458,"['C9B', 'C30A', 'B48C', 'A71D', 'D111A', 'C123A', 'D137A', 'C139D', 'D147B', 'C155A', 'C164A']",11,0.693623119557742
