Dm1,Dm2,Dm1m2,DDe,list of mutations,HD,distance from max/min D single mutation
-5.099003978077235,-8.54458870551025,-9.796910909924918,3.846681773662567,None,0,0
-1.86182410829133,-2.8465384971204912,-0.8616808317492541,3.846681773662567,"['C6D', 'D16A', 'B19A', 'A100B', 'D111C', 'D118C', 'C123A', 'B134C', 'A154C', 'C219B']",10,1.000143276542076
-2.743236841637554,-2.9498431831452763,-1.846398251120263,3.846681773662567,"['B44D', 'C49A', 'C123A', 'B200A', 'C207A', 'D217C', 'C219B']",7,0.8968385905172909
-3.558257103202777,-1.9975852058123564,-1.7091605353525665,3.846681773662567,"['C9B', 'C30A', 'C49A', 'B78A', 'A100B', 'B110C', 'D118B', 'C123B', 'D124A', 'B134C', 'C139A', 'D147C', 'A202B', 'C207A']",14,0.2884246704597899
-3.5923824219535163,-3.1706517413113033,-2.9163523896022525,3.846681773662567,"['B90C', 'A100B', 'D118C', 'C121B', 'C123A', 'A162C', 'C207B', 'D254B']",8,0.2542993517090508
-2.493857719240623,-3.620696598649374,-2.26787254422743,3.846681773662567,"['C9B', 'A100B', 'D118C', 'C121B', 'A154C', 'A162C', 'B200A', 'D217C', 'B255A']",9,0.22598517501319293
-2.493857719240623,-3.620696598649374,-2.26787254422743,3.846681773662567,"['C9B', 'A100B', 'D118C', 'C121B', 'A154C', 'A162C', 'B200A', 'D217C', 'B255A']",9,0.22598517501319293
-3.8278366066551825,-3.6670248843583977,-3.648179717351013,3.846681773662567,"['B19A', 'C49A', 'A91C', 'C123A', 'A154C', 'B156A', 'D159A', 'A192C', 'B200A', 'D217C', 'C219D', 'B255A']",12,0.01884516700738459
