Dm1,Dm2,Dm1m2,DDe,list of mutations,HD,distance from max/min D single mutation
-7.703314934740774,-8.307405077110161,-12.566997286936385,3.443722724914551,None,0,0
