Dm1,Dm2,Dm1m2,DDe,list of mutations,HD,distance from max/min D single mutation
-5.281469838693738,-3.506886744977237,-5.951983761147858,2.836372822523117,None,0,0
0.003748822957277298,-0.9435098353897047,1.8966118100906897,2.836372822523117,"['C6D', 'D16A', 'C30A', 'A73C', 'A99C', 'A100B', 'B110C', 'D118B', 'D124A', 'B205A', 'B255A']",11,1.8928629871334124
-1.7500469307415187,-0.9125868907322001,0.1737390010493982,2.836372822523117,"['C30A', 'B44A', 'A100B', 'D118C', 'B134C', 'A180B', 'B205A', 'D210C']",8,1.0863258917815983
-1.715582319535315,-1.9159104513128113,-0.7951199483250093,2.836372822523117,"['C9B', 'C30A', 'A71D', 'A100B', 'D118A', 'C121B', 'D124A', 'C155A', 'B200A', 'B205A', 'D215A', 'C220A', 'B255A']",13,0.9204623712103057
-2.1340586240403354,-1.8510193802540016,-1.14870518177122,2.836372822523117,"['D23B', 'C30A', 'B44A', 'A100B', 'D118C', 'B134C', 'A180B', 'B205A', 'D210C']",9,0.7023141984827816
-2.1908141592284665,0.5404708135283727,1.1860294768230233,2.836372822523117,"['C30A', 'A73C', 'D111B', 'C123A', 'D124A', 'D125C', 'B156A', 'D159B', 'A180B', 'B205A', 'B253C']",11,0.6455586632946506
-1.1377280075103045,-2.247021550883801,-0.5483767358709883,2.836372822523117,"['B33A', 'A73B', 'A100B', 'D118B', 'B205A', 'D217C']",6,0.5893512716393161
-1.8105416735634208,-2.3404157594450226,-1.3145846104853263,2.836372822523117,"['A10B', 'B24A', 'C30A', 'B110C', 'D118B', 'D125C', 'B200A', 'D229A']",8,0.4959570630780945
-2.4573878056835383,-1.3288639768034045,-0.9498789599638258,2.836372822523117,"['A10B', 'C30A', 'A100B', 'B110A', 'D111A', 'D118C', 'C233D']",7,0.37898501683957875
-1.3506630016490817,-2.4991899124470365,-1.0134800915730011,2.836372822523117,"['D16A', 'A100B', 'D118B', 'C123B', 'D124A', 'B205A']",6,0.3371829100760806
-2.6385724991559982,-1.7084107134614896,-1.5106103900943708,2.836372822523117,"['B5C', 'D16A', 'C112D', 'D118C', 'C123B', 'D124A', 'B205A']",7,0.19780032336711884
-2.6638294206932187,-2.6843996416901064,-2.511856239860208,2.836372822523117,"['D16A', 'C30A', 'A100B', 'C123B', 'D124A', 'A197B', 'B200A', 'B205A', 'C231A']",9,0.1519731808330107
-2.726025003939867,-2.5431430936914694,-2.4327952751082194,2.836372822523117,"['D16A', 'B110D', 'D111C', 'C123A', 'D124A', 'A162D']",6,0.11034781858325005
-2.657610073685646,-2.822970293742401,-2.64420754490493,2.836372822523117,"['A10B', 'B20C', 'C30A', 'A100B', 'D118B', 'C121B', 'B205A']",7,0.013402528780716239
